{"RXOGLtH4MiMtERGjSg5pROoqhQWlN3pk": 1757800821.416766, "fMbn6aeY6C5dpbsmM-a4nSKulDnFlZRU": 1757801047.1932979}